use	name	type	size	buckets	weight_fc	mean	stddev	normalize
TRUE	freshness	Num	1	1.0	""	1.4186618124957158E-8	1.0000000338523305	TRUE
TRUE	feedClickSubCatList	Seq	10	1.0	""	""	""	FALSE
TRUE	lastClickedArticleId	Cat	1	41.0	""	""	""	FALSE
TRUE	feedCtrByCatLast7d	Num	36	1.0	""	4.501246330571373E-9,-4.807705629246093E-9,-1.0554642569152912E-9,-1.3972408708133493E-9,1.1413946633473299E-10,2.4201097172459963E-11,5.031785278364477E-9,-3.15172508173508E-10,5.9170354850727655E-9,2.8038539663926415E-9,-1.997502578869599E-9,0.0,4.4374925234626175E-9,6.234259242379306E-11,1.8484423367212421E-9,-5.51013300883784E-10,-1.452537659571849E-9,-1.0764888618013075E-10,-9.485354977899755E-9,1.97257591070999E-9,-4.959938401665259E-9,9.596961349502407E-10,-1.1865181515451037E-9,0.0,5.4553689844897796E-9,2.7407074226414005E-9,-3.603873991505637E-9,-2.043386547558555E-10,2.010755152606396E-9,-9.918568293919051E-11,1.692401821571216E-9,-6.250770712185078E-13,3.360256099951726E-9,-2.771804024108938E-10,-4.423507099686693E-9,-1.3788690657441744E-9	0.9999999485372344,1.0000000561154416,1.0000000161307454,0.999999974825093,0.999999976045866,0.9999999793920923,1.0000000396154287,0.9999999678540215,1.000000011727849,1.0000000316874578,0.9999999705529808,1.0,1.0000000257504944,0.9999999913299825,1.0000000218441627,0.9999999906664978,0.9999999938735784,0.9999999684633198,1.0000000170572014,0.9999999822269389,1.0000000194645227,1.000000015056412,1.0000000348490437,1.0,1.00000001437365,0.9999999462631624,0.9999999962374186,0.9999999765227651,0.9999999442689061,1.0000000285616917,1.0000000337042585,0.9999999675030847,1.0000000073448991,0.9999999471788212,1.0000000023744335,1.0000000431224572	TRUE
TRUE	city	Cat	1	3.0	""	""	""	FALSE
TRUE	pushClickedDayNumLast15d	Num	1	1.0	""	9.813763285137279E-11	1.000000010234506	TRUE
TRUE	pushClickNumLast30d	Num	1	1.0	""	-4.5170881863717875E-9	0.9999999528436169	TRUE
TRUE	residentDistrict	Cat	1	2133.0	""	""	""	FALSE
TRUE	sex	Cat	1	6.0	""	""	""	FALSE
TRUE	articleCategoryAttention	Cat	1	1.0	""	""	""	FALSE
TRUE	appUsageEmbedding	Num	18	1.0	""	""	""	FALSE
TRUE	pushExposeNumLast15d	Num	1	1.0	""	2.5231824537730463E-8	0.9999999608029352	TRUE
TRUE	publishTimeDiffDays	Num	1	1.0	""	-3.600087970836404E-9	1.0000000026723124	TRUE
TRUE	cmsDocType	Cat	1	1.0	""	""	""	FALSE
TRUE	upCount	Num	1	1.0	""	-4.113683662761516E-10	1.0000000473644586	TRUE
TRUE	userId	Cat	1	1.0	""	""	""	FALSE
TRUE	lastDayDiffDays	Num	1	1.0	""	1.586266456678038E-8	1.0000000061032932	TRUE
TRUE	commentCount	Num	1	1.0	""	-8.405199613623457E-10	1.0000000235285227	TRUE
TRUE	bodyLen	Num	1	1.0	""	-1.770063088525015E-8	1.0000000096993324	TRUE
TRUE	pornRank	Num	1	1.0	""	-9.81718514628274E-9	1.0000000301355165	TRUE
TRUE	inactiveDays	Num	1	1.0	""	1.586266456678038E-8	1.0000000061032932	TRUE
TRUE	cmsBaitLevel	Num	1	1.0	""	0.0	1.0	TRUE
TRUE	pushClickedDayNumLast7d	Num	1	1.0	""	-3.9139896987715114E-9	1.0000000267979212	TRUE
TRUE	firstDayDiffDays	Num	1	1.0	""	-4.957517702090386E-8	0.9999999884513061	TRUE
TRUE	dynamicQuality	Num	1	1.0	""	2.005261471257195E-9	1.000000046610158	TRUE
TRUE	country	Cat	1	5.0	""	""	""	FALSE
TRUE	dayDecayWeight	Num	1	1.0	""	""	""	FALSE
TRUE	province	Cat	1	35.0	""	""	""	FALSE
TRUE	clickedBrowserPushAvgCount	Num	3	1.0	""	3.976364740548285E-9,-5.59440837270556E-9,6.595539098320198E-9	0.9999999615959038,0.9999999902957382,1.000000030349364	TRUE
TRUE	downCount	Num	1	1.0	""	0.0	1.0	TRUE
TRUE	pushAllUserClickNumLast30d	Num	1	1.0	""	1.8092264140920014E-6	0.9999999532604457	TRUE
TRUE	newsRank	Num	1	1.0	""	0.0	1.0	TRUE
TRUE	receivedPushAvgCountInLast7Days	Num	1	1.0	""	2.8055060062802806E-8	0.9999999987297841	TRUE
TRUE	textAdScore	Num	1	1.0	""	8.779602367525445E-11	0.9999999508798743	TRUE
TRUE	rankedTags	Cat	1	214.0	""	""	""	FALSE
TRUE	docType	Cat	1	1.0	""	""	""	FALSE
TRUE	label	Num	1	1.0	""	""	""	FALSE
TRUE	politicalSensitive	Num	1	1.0	""	5.816375341305517E-9	1.0000000526633086	TRUE
TRUE	active	Num	17	1.0	""	1.3388226785605059E-8,-4.360518752305334E-9,1.4389543286763046E-8,-1.262056731660308E-8,-2.5841968875837664E-9,-6.857214884872342E-9,-2.237858063486551E-9,8.663466703807237E-9,-6.258670750013888E-9,-3.4285143108376314E-9,-1.7685094002659567E-9,2.5233991974972513E-8,1.4445275253278324E-8,9.501714570758826E-9,8.586888097839097E-9,-7.293619671793967E-10,-4.536864110711458E-9	1.0000000030143112,1.000000023772241,0.9999999611187614,0.9999999624504529,0.999999965390745,0.9999999617344408,1.0000000257118955,1.0000000366130515,0.999999965856786,1.000000009174118,0.9999999700484551,0.9999999638738999,1.0000000059947798,0.9999999764521504,0.9999999601760002,1.0000000005169007,0.9999999873312504	TRUE
TRUE	clickedMiPushAvgCountInLast7Days	Num	1	1.0	""	4.77376045514945E-9	1.0000000000906637	TRUE
TRUE	clickedTokenEmbedding	Num	200	1.0	""	""	""	FALSE
TRUE	staticQuality	Num	1	1.0	""	-4.020534255579942E-8	1.0000000330092094	TRUE
TRUE	dayOfMonth	Cat	1	9.0	""	""	""	FALSE
TRUE	pushAllUserExposeNumLast30d	Num	1	1.0	""	-8.058997784361671E-6	1.0000000250055856	TRUE
TRUE	lastVersion	Cat	1	135.0	""	""	""	FALSE
TRUE	lastClickedArticleSubCategory	Cat	1	29.0	""	""	""	FALSE
TRUE	residentCity	Cat	1	355.0	""	""	""	FALSE
TRUE	firstVersion	Cat	1	248.0	""	""	""	FALSE
TRUE	dayOfWeek	Cat	1	9.0	""	""	""	FALSE
TRUE	superstitionLevel	Num	1	1.0	""	0.0	1.0	TRUE
TRUE	osVersion	Cat	1	18.0	""	""	""	FALSE
TRUE	cityType	Cat	1	10.0	""	""	""	FALSE
TRUE	weekOfMonth	Cat	1	4.0	""	""	""	FALSE
TRUE	pushExposeNumLast30d	Num	1	1.0	""	2.129031246688875E-8	0.9999999929977099	TRUE
TRUE	pushClickedNumByHourLast1d	Num	24	1.0	""	-1.2613244764684366E-9,2.360677706112068E-9,1.3872053558705105E-9,2.6966180698968494E-9,1.2771926272923721E-11,-1.7672669195072104E-9,6.420989176695182E-9,5.56004523747946E-9,1.0960634910581812E-9,7.257550347571686E-9,-1.022063724288999E-8,-1.7205332801903757E-8,-1.950660169944329E-8,3.353598216814668E-9,3.429068690245581E-9,5.5809447531987896E-9,3.4033313236652954E-9,2.577993966786209E-9,-5.1397327546796064E-9,-3.76307391368598E-9,8.055989253663856E-9,-5.398267504689093E-9,-7.56252846584635E-9,9.665638992121122E-9	0.9999999788962215,1.0000000228422385,0.9999999701687147,0.9999999990781859,0.9999999556936633,1.000000049492964,0.9999999997638547,1.0000000514198883,0.9999999591684007,0.9999999976682078,1.0000000129774174,1.0000000063965782,1.000000018549397,0.9999999779546995,1.000000053575203,1.000000013617415,0.9999999876486272,1.0000000046579218,1.0000000247978875,1.0000000027102474,0.9999999754705226,0.9999999990604415,0.9999999611877681,1.0000000202220989	TRUE
TRUE	pushClickedNumByDayOfWeekLast28d	Num	7	1.0	""	0.0,-3.4114000186877955E-9,-1.6333778454148367E-9,-1.8442624001988446E-9,1.7623262426840192E-9,7.057880124150491E-9,1.6400830865208218E-9	1.0,1.0000000399557516,1.0000000422561148,1.0000000411861107,1.0000000256777313,0.9999999672566272,1.0000000445600736	TRUE
TRUE	residentCountry	Cat	1	5.0	""	""	""	FALSE
TRUE	district	Cat	1	3.0	""	""	""	FALSE
TRUE	imgNum	Num	1	1.0	""	-1.3699983557470173E-9	0.9999999991288414	TRUE
TRUE	receivedMiPushAvgCountInLast7Days	Num	1	1.0	""	3.018381205254106E-8	1.0000000221110412	TRUE
TRUE	titleEditedVectorBert	Num	256	1.0	""	""	""	FALSE
TRUE	pushClickNumLast7d	Num	1	1.0	""	4.716079292983656E-9	1.0000000357813688	TRUE
TRUE	residentProvince	Cat	1	35.0	""	""	""	FALSE
TRUE	cmsCoPorn	Num	1	1.0	""	0.0	1.0	TRUE
TRUE	pushExposeNumLast7d	Num	1	1.0	""	-4.783167264012646E-8	0.9999999970871215	TRUE
TRUE	modelLevel	Cat	1	6.0	""	""	""	FALSE
TRUE	clickedPushAvgCountInLast7Days	Num	1	1.0	""	5.421723734910982E-9	0.9999999996806226	TRUE
TRUE	feedClickCatList	Seq	10	1.0	""	""	""	FALSE
TRUE	hotTopicRelevancy	Num	1	1.0	""	0.0	1.0	TRUE
TRUE	pushAllUserCtrLast30d	Num	1	1.0	""	2.9338199458388248E-6	1.0000000244644887	TRUE
TRUE	pushSourceCtr7day	Num	1	1.0	""	4.128953426730182E-8	0.9999999632431652	TRUE
TRUE	pushCategoryCtr7day	Num	1	1.0	""	4.407270563324848E-8	0.9999999684172215	TRUE
TRUE	model	Cat	1	133.0	""	""	""	FALSE
TRUE	subCategory	Cat	1	89.0	""	""	""	FALSE
TRUE	gapDays	Num	1	1.0	""	5.912409790595711E-9	1.000000029908633	TRUE
TRUE	lastDayDayOfWeek	Cat	1	10.0	""	""	""	FALSE
TRUE	lastClickedHour	Cat	1	27.0	""	""	""	FALSE
TRUE	hotHeat	Num	1	1.0	""	0.0	1.0	TRUE
TRUE	clickedBrowserArticleAvgCount	Num	3	1.0	""	-2.049232820716946E-9,-1.0381079257547684E-9,5.052740600702015E-10	1.0000000440429848,0.9999999806894464,1.0000000291512972	TRUE
TRUE	feedClickByCatLast7d	Num	36	1.0	""	-1.4607933215306487E-9,3.8586518675622E-10,-6.077400279224473E-10,-2.1087505723371546E-9,-1.4245860270279917E-10,4.065521910542432E-10,1.98121912459924E-9,2.4254562884211985E-10,1.5085193318739989E-10,1.5952517239823178E-9,9.220397869776502E-10,0.0,-5.410022394884512E-10,-1.9516242806235614E-9,-2.0455352307950566E-10,-1.6385962978736363E-10,2.8408219678970645E-9,-3.684652426228042E-10,-1.6411064344143473E-9,2.2016944221343116E-9,-1.0251892976357082E-9,1.4432990261411997E-9,5.911794168374915E-11,0.0,-6.172144665490926E-12,-8.622908712691805E-10,2.2141487879306652E-10,3.124795660742333E-9,-3.152715769923426E-9,1.6145858688644097E-11,-5.269124519208591E-10,8.727530496074211E-10,-1.4147970842145697E-9,3.8741411987609476E-10,2.604747262697873E-9,3.184197639019765E-10	0.9999999702825683,0.9999999992934324,1.0000000065580448,0.9999999778148987,0.9999999870976473,0.9999999739529918,1.0000000305944337,1.0000000314925632,0.9999999602451555,1.0000000310945685,1.0000000013265335,1.0,0.9999999819297318,0.9999999744183345,1.0000000377053049,1.0000000096260284,1.0000000095694612,0.9999999866778692,0.9999999585021372,0.9999999726336308,1.0000000041340114,1.0000000218670395,1.000000033588962,1.0,1.00000003552176,1.0000000057867644,1.0000000321348061,1.0000000301345786,1.0000000048618554,0.9999999846905542,1.0000000325747742,0.9999999977158425,0.9999999555091009,1.0000000000668516,1.0000000187206644,0.9999999709018438	TRUE
TRUE	userEmbedding	Num	256	1.0	""	""	""	FALSE
TRUE	source	Cat	1	140.0	""	""	""	FALSE
TRUE	hour	Cat	1	1.0	""	""	""	FALSE
TRUE	pushCtrLast7d	Num	1	1.0	""	-1.2887744878432072E-8	0.9999999753349282	TRUE
TRUE	feedExposeByCatLast7d	Num	36	1.0	""	-4.922847546962876E-9,4.760944722912614E-10,-6.597432952059594E-10,4.4220074921257985E-10,1.7316944512874308E-10,5.102633865333724E-11,4.729361622781157E-10,-1.031322129277852E-9,7.713336805362284E-10,-1.6698049414577127E-9,2.1567910868672814E-9,0.0,2.2416521790642794E-9,3.617804561328674E-9,-4.005175436879086E-9,-1.7913372218328634E-10,-9.026348786535335E-10,4.6034469231283907E-10,3.886237816044843E-9,2.1195223407342535E-10,2.8888546198225217E-9,2.1292405201056506E-9,-6.134640041217815E-10,-2.3024900655194635E-11,2.0355300663532258E-9,-7.230451253994211E-10,-8.696827024840145E-10,5.214935447826982E-9,8.61474143209145E-10,-3.2368770903048464E-9,-9.41712023860527E-10,1.290685869507851E-10,5.9584862462042375E-9,-1.100271275275121E-9,2.241876263297358E-9,1.7984076690818349E-9	0.9999999636526539,0.9999999914516319,0.9999999802032692,1.0000000049750368,1.0000000264909719,0.9999999826741736,0.9999999840383215,1.000000020923435,1.0000000265429132,0.9999999655215365,0.999999962792656,1.0,0.9999999502552926,1.0000000229481716,0.999999987735293,1.0000000221075096,1.0000000126597854,1.000000025900485,0.999999964430496,0.9999999812578095,0.9999999529781549,1.000000027458352,1.0000000017665425,0.9999999972552223,0.9999999894884215,0.9999999594627872,1.0000000411138028,1.0000000288020232,1.0000000005995664,0.9999999531843063,1.0000000167704215,0.9999999751947048,0.9999999738151447,0.9999999820945658,1.0000000294264648,1.000000024348845	TRUE
TRUE	pushCtrLast15d	Num	1	1.0	""	3.95247849094127E-9	0.9999999684160474	TRUE
TRUE	pushClickNumLast15d	Num	1	1.0	""	4.93513088631073E-9	0.9999999603943698	TRUE
TRUE	pushAvgCtrInLast7Days	Num	1	1.0	""	-2.3616277685500873E-8	1.000000035911956	TRUE
TRUE	residentCityType	Cat	1	10.0	""	""	""	FALSE
TRUE	pushCtrLast30d	Num	1	1.0	""	-1.1996888339036624E-10	1.0000000028319447	TRUE
TRUE	pushClickedNumByHourLast30d	Num	24	1.0	""	4.761654394671507E-11,2.9144461041496777E-9,-1.927025032289681E-9,3.0314817891804942E-9,-9.085707006949308E-10,-1.0361680870778953E-9,-3.2559395950851655E-10,7.917674916110109E-9,6.715436952613803E-9,7.164781049501739E-9,5.370322007165951E-9,1.442955410628044E-9,2.4577539439990467E-9,-4.7348512854998924E-9,-1.2770678682856302E-10,3.5963573149722687E-9,9.878860237537899E-11,1.263939814813819E-10,3.348018303463841E-9,-1.645588739306209E-8,-7.340769899654408E-9,7.616750757084038E-9,2.903433125959436E-9,3.9726948478308553E-10	1.0000000231186696,0.999999990303004,0.9999999611069369,1.0000000085506497,0.9999999966779899,1.0000000056192446,0.9999999524916001,0.999999973123776,1.0000000225768322,0.9999999972075782,1.000000023612373,0.999999960885173,0.9999999893846184,0.9999999861468883,0.9999999715678779,0.9999999651742179,0.9999999643027156,1.000000041466198,0.9999999918650934,1.000000019748341,1.0000000296177978,1.000000041933779,1.0000000493249073,1.0000000306344532	TRUE
TRUE	age	Cat	1	12.0	""	""	""	FALSE
TRUE	lastClickedArticleCategory	Cat	1	51.0	""	""	""	FALSE
TRUE	category	Cat	1	36.0	""	""	""	FALSE
TRUE	pushClickedDayNumLast30d	Num	1	1.0	""	2.1534380511447174E-8	1.0000000027920815	TRUE
TRUE	clickBaitScore	Num	1	1.0	""	4.249981765529886E-9	0.9999999840002654	TRUE
TRUE	pushSubCategoryCtr7day	Num	1	1.0	""	4.041008619862265E-8	1.0000000215235938	TRUE